{"cameraMode":{"drawMode":0,"name":"Shaded","section":"Shading Mode"},"sceneLighting":true,"audioPlay":false,"sceneViewState":{"m_AlwaysRefresh":false,"showFog":true,"showSkybox":true,"showFlares":true,"showImageEffects":true,"showParticleSystems":true,"showVisualEffectGraphs":true,"m_FxEnabled":true},"in2DMode":false,"pivot":{"x":-27.846935272216798,"y":-2.334580421447754,"z":3.7405147552490236},"rotation":{"x":-0.054623719304800037,"y":0.6596918702125549,"z":-0.04818030074238777,"w":-0.7480401396751404},"size":16.124380111694337,"orthographic":false}